id,first_name,last_name,email,gender,ip_address
1,Wenda,Pamment,wpamment0@surveymonkey.com,Agender,84.39.176.196
2,Ted,Hayzer,thayzer1@elegantthemes.com,Non-binary,165.161.3.155
3,Ardra,Jerratsch,ajerratsch2@scientificamerican.com,Male,68.42.64.164
4,Farlie,Dufty,fdufty3@state.tx.us,Non-binary,163.147.254.157
5,Fidole,Windaybank,fwindaybank4@clickbank.net,Male,28.172.69.78
6,Stacie,Pratten,spratten5@youtu.be,Non-binary,251.181.103.10
7,Arnoldo,Charlon,acharlon6@reuters.com,Polygender,166.124.90.130
8,Phaidra,Telega,ptelega7@histats.com,Female,201.230.83.2
9,Tillie,Ickov,tickov8@nifty.com,Bigender,106.187.121.31
10,Kameko,Janic,kjanic9@drupal.org,Female,102.6.52.3
11,Artair,Records,arecordsa@time.com,Polygender,199.24.167.10
12,Fidel,McKelvie,fmckelvieb@thetimes.co.uk,Male,7.121.4.106
13,Brigida,McArthur,bmcarthurc@istockphoto.com,Polygender,104.22.137.213
14,Fenelia,Matyushonok,fmatyushonokd@google.it,Genderfluid,139.116.184.45
15,Dewain,Jorger,djorgere@pcworld.com,Genderfluid,49.154.71.24
16,Kendra,Toler,ktolerf@slashdot.org,Non-binary,122.255.130.81
17,Mallorie,Thaim,mthaimg@symantec.com,Genderqueer,255.231.100.80
18,Abram,Capeling,acapelingh@etsy.com,Genderfluid,125.125.150.97
19,Herbert,Abramin,habramini@xinhuanet.com,Agender,44.69.135.214
20,Wandis,Dignam,wdignamj@eventbrite.com,Bigender,69.0.216.33
21,Thurstan,Lawie,tlawiek@phpbb.com,Genderfluid,15.163.35.111
22,Weider,West-Frimley,wwestfrimleyl@state.gov,Male,197.164.212.78
23,Orrin,Crookston,ocrookstonm@google.co.jp,Genderfluid,70.188.97.71
24,Violetta,Stirrup,vstirrupn@answers.com,Agender,142.42.213.207
25,Cynthia,Gordon,cgordono@sourceforge.net,Bigender,46.145.118.123
26,Tedman,Crockatt,tcrockattp@fema.gov,Agender,163.155.234.113
27,Elsi,Ondra,eondraq@instagram.com,Polygender,107.149.41.118
28,Kimberly,Forstall,kforstallr@i2i.jp,Polygender,38.106.169.114
29,Monti,Maddison,mmaddisons@about.me,Female,187.79.114.62
30,Ida,Cushion,icushiont@who.int,Agender,190.181.57.109
31,Darryl,Lawrence,dlawrenceu@free.fr,Polygender,154.81.255.208
32,Eadith,Beldan,ebeldanv@nih.gov,Genderqueer,95.156.244.240
33,Lisabeth,Walling,lwallingw@fda.gov,Male,124.178.157.27
34,Eliot,Parradine,eparradinex@last.fm,Genderfluid,131.166.46.164
35,Saudra,Cunnah,scunnahy@weebly.com,Genderqueer,7.101.213.159
36,Ynez,Pescud,ypescudz@nationalgeographic.com,Female,64.109.129.57
37,Phylis,Safell,psafell10@usgs.gov,Non-binary,128.182.6.79
38,Ertha,Witherop,ewitherop11@psu.edu,Polygender,238.104.238.101
39,Tiffie,Dogerty,tdogerty12@cam.ac.uk,Female,120.100.115.13
40,Angel,Jahns,ajahns13@yandex.ru,Non-binary,4.102.128.112
41,Amble,Gibson,agibson14@cmu.edu,Genderqueer,126.114.39.151
42,Bree,Brookzie,bbrookzie15@rambler.ru,Bigender,40.223.19.10
43,Kenton,Ironside,kironside16@list-manage.com,Bigender,24.57.122.77
44,Gypsy,Livermore,glivermore17@ted.com,Female,244.161.110.47
45,Starlin,Ramiro,sramiro18@marriott.com,Non-binary,36.52.40.176
46,Mauricio,Kimmitt,mkimmitt19@edublogs.org,Genderfluid,218.195.62.72
47,Raimund,Kimberly,rkimberly1a@unc.edu,Male,200.174.49.234
48,Dom,Chasmar,dchasmar1b@aol.com,Polygender,228.236.45.145
49,Salli,Hartell,shartell1c@example.com,Polygender,17.6.30.206
50,Cacilie,Fronks,cfronks1d@theglobeandmail.com,Male,245.74.26.83
51,Stella,Dowle,sdowle1e@dagondesign.com,Genderfluid,221.129.237.171
52,Lanette,Steddall,lsteddall1f@si.edu,Non-binary,170.223.63.248
53,Herbert,Thorington,hthorington1g@google.es,Non-binary,232.229.150.55
54,Clemmie,Skotcher,cskotcher1h@printfriendly.com,Agender,98.210.125.77
55,Rey,Leyninye,rleyninye1i@paypal.com,Male,81.127.130.83
56,Claudius,Fairlam,cfairlam1j@techcrunch.com,Agender,40.169.26.68
57,Udell,Silby,usilby1k@wix.com,Non-binary,209.44.66.96
58,Jillane,Farlowe,jfarlowe1l@amazon.de,Female,142.81.40.89
59,Alyson,Hannent,ahannent1m@army.mil,Bigender,115.90.73.107
60,Amandie,Colwell,acolwell1n@amazon.de,Male,74.85.223.22
61,Dominique,Sibbe,dsibbe1o@e-recht24.de,Male,95.201.116.141
62,Bryna,Manns,bmanns1p@cbslocal.com,Male,247.218.236.149
63,Tiphanie,Simcock,tsimcock1q@webmd.com,Genderfluid,33.171.131.82
64,Margot,Kesterton,mkesterton1r@jiathis.com,Bigender,247.49.150.105
65,Sophia,Spalls,sspalls1s@istockphoto.com,Non-binary,230.77.131.197
66,Freddy,Antrack,fantrack1t@ucsd.edu,Agender,86.7.23.119
67,Loren,Lewens,llewens1u@123-reg.co.uk,Bigender,148.5.31.136
68,Otha,Moorey,omoorey1v@booking.com,Non-binary,170.91.245.155
69,Boris,Sorrel,bsorrel1w@goo.gl,Bigender,251.163.102.128
70,Iolanthe,Durand,idurand1x@discuz.net,Polygender,223.145.203.215
71,Ferguson,Vasilischev,fvasilischev1y@liveinternet.ru,Non-binary,11.138.214.235
72,Eolanda,Emsley,eemsley1z@goo.gl,Female,149.4.47.112
73,Ole,Stoll,ostoll20@biblegateway.com,Genderqueer,219.252.236.179
74,Alfie,Yeates,ayeates21@angelfire.com,Agender,20.158.191.218
75,Amata,Broxis,abroxis22@aol.com,Genderfluid,111.231.14.47
76,Gabrielle,Haining,ghaining23@mysql.com,Polygender,235.164.203.87
77,Cy,Sheron,csheron24@ox.ac.uk,Female,204.40.78.224
78,Xylina,Leethem,xleethem25@twitpic.com,Bigender,57.171.175.125
79,Lou,Skirlin,lskirlin26@technorati.com,Bigender,201.155.229.104
80,Myrlene,Pierton,mpierton27@mozilla.com,Female,66.54.124.22
81,Maddy,Wooding,mwooding28@dmoz.org,Non-binary,171.158.86.21
82,Emory,Stookes,estookes29@cargocollective.com,Non-binary,23.18.76.137
83,Tallie,Tedman,ttedman2a@mysql.com,Female,142.138.160.52
84,Burt,Linay,blinay2b@uiuc.edu,Genderfluid,233.175.245.62
85,Michaelina,Fransman,mfransman2c@mayoclinic.com,Bigender,232.21.47.30
86,Harmon,Spalding,hspalding2d@dell.com,Agender,161.76.192.81
87,Carlynne,Andrini,candrini2e@phoca.cz,Agender,88.97.101.64
88,Suki,Jonathon,sjonathon2f@disqus.com,Male,152.15.68.139
89,Garrott,Heap,gheap2g@mayoclinic.com,Non-binary,168.25.244.251
90,Gregoire,Mercik,gmercik2h@fastcompany.com,Male,206.53.205.98
91,Cecelia,Birch,cbirch2i@google.com,Male,213.196.23.195
92,Leslie,Chinnick,lchinnick2j@mac.com,Male,86.63.176.166
93,Maurine,Braksper,mbraksper2k@nhs.uk,Male,222.46.150.148
94,Cyril,Fennelly,cfennelly2l@trellian.com,Male,123.250.142.12
95,Itch,Petrovsky,ipetrovsky2m@dell.com,Agender,82.158.222.15
96,Lisette,Wones,lwones2n@oakley.com,Genderqueer,240.42.33.62
97,Fanechka,Bronot,fbronot2o@hubpages.com,Female,7.30.88.64
98,Lynne,Neads,lneads2p@yandex.ru,Female,223.130.211.241
99,Binni,Whenham,bwhenham2q@forbes.com,Non-binary,125.12.214.39
100,Eolande,Shearn,eshearn2r@miibeian.gov.cn,Genderfluid,169.225.148.160
101,Rourke,Esseby,resseby2s@jalbum.net,Agender,212.161.205.139
102,Fannie,Landis,flandis2t@businessweek.com,Polygender,239.46.101.205
103,Bourke,Spindler,bspindler2u@amazon.com,Genderfluid,155.113.5.242
104,Dael,Harnott,dharnott2v@guardian.co.uk,Male,132.161.98.244
105,Osmund,Palphreyman,opalphreyman2w@psu.edu,Male,135.188.241.150
106,Shane,Strippling,sstrippling2x@bbb.org,Male,96.37.176.186
107,Alexio,Seddon,aseddon2y@theatlantic.com,Male,254.59.4.201
108,Vittorio,Cutforth,vcutforth2z@hostgator.com,Female,127.120.74.105
109,Peyter,Purcell,ppurcell30@wsj.com,Genderqueer,80.245.5.252
110,Erastus,Talmadge,etalmadge31@virginia.edu,Bigender,40.223.155.183
111,Bartholomew,Grossier,bgrossier32@cdbaby.com,Polygender,100.236.116.94
112,Regine,Bartzen,rbartzen33@rambler.ru,Polygender,113.142.204.237
113,Joni,Iacoviello,jiacoviello34@bbc.co.uk,Genderqueer,90.27.20.237
114,Sandye,Borgne,sborgne35@statcounter.com,Genderqueer,145.125.139.3
115,Gerhardine,Leist,gleist36@clickbank.net,Polygender,78.238.42.78
116,Johan,Minchella,jminchella37@nationalgeographic.com,Bigender,71.23.221.255
117,Joyan,Foxen,jfoxen38@usatoday.com,Agender,98.249.189.241
118,Lettie,Viggars,lviggars39@bbb.org,Male,196.115.95.14
119,Charlton,Romanin,cromanin3a@hud.gov,Non-binary,52.187.190.142
120,Sterne,Lyptratt,slyptratt3b@marriott.com,Genderfluid,230.143.157.62
121,Demeter,Heatlie,dheatlie3c@live.com,Female,241.191.53.132
122,Basil,Capstake,bcapstake3d@desdev.cn,Polygender,39.182.226.219
123,Harwell,Fridd,hfridd3e@deviantart.com,Female,2.45.45.141
124,Sherri,Codron,scodron3f@dropbox.com,Agender,169.97.73.46
125,Babb,Gluyus,bgluyus3g@usda.gov,Bigender,119.27.217.163
126,Ulrike,Travis,utravis3h@nhs.uk,Female,1.142.135.209
127,Tully,Baseggio,tbaseggio3i@devhub.com,Non-binary,52.78.145.91
128,Kaylee,Leak,kleak3j@java.com,Male,207.20.168.132
129,Darryl,Lanston,dlanston3k@mayoclinic.com,Agender,233.104.32.180
130,Charissa,Langhorn,clanghorn3l@home.pl,Polygender,196.107.152.192
131,Reagan,Welman,rwelman3m@pagesperso-orange.fr,Non-binary,169.147.55.250
132,Llywellyn,Membry,lmembry3n@liveinternet.ru,Male,168.87.182.127
133,Quinton,Grewes,qgrewes3o@posterous.com,Genderfluid,231.50.10.79
134,Laryssa,Taysbil,ltaysbil3p@businesswire.com,Polygender,37.171.202.210
135,Noll,Lethem,nlethem3q@123-reg.co.uk,Polygender,175.87.176.234
136,Reta,Pochon,rpochon3r@auda.org.au,Genderfluid,21.11.168.197
137,Guy,Chittock,gchittock3s@quantcast.com,Agender,198.46.231.127
138,Maggee,Kingsman,mkingsman3t@github.com,Polygender,165.115.113.175
139,Stanfield,Hundall,shundall3u@storify.com,Non-binary,255.214.89.34
140,Alick,Riccione,ariccione3v@wp.com,Genderqueer,128.83.67.181
141,Levon,Skellern,lskellern3w@slashdot.org,Male,26.41.23.108
142,Bran,Fursland,bfursland3x@princeton.edu,Male,150.106.111.195
143,Catarina,Brekonridge,cbrekonridge3y@google.ru,Non-binary,177.6.182.121
144,Francyne,Wraighte,fwraighte3z@flavors.me,Non-binary,234.206.250.52
145,Olly,Starten,ostarten40@reverbnation.com,Polygender,46.77.82.235
146,Edmon,Thickens,ethickens41@meetup.com,Genderfluid,82.6.148.239
147,Heriberto,Crommett,hcrommett42@ft.com,Female,9.14.118.121
148,Tibold,Newbery,tnewbery43@state.tx.us,Bigender,208.113.61.92
149,Ali,Bremen,abremen44@sogou.com,Genderfluid,75.148.149.102
150,Kellie,Fermor,kfermor45@narod.ru,Genderfluid,98.23.172.222
151,Dietrich,Flowers,dflowers46@seesaa.net,Polygender,164.128.173.1
152,Marney,Hakonsson,mhakonsson47@icio.us,Non-binary,235.184.237.68
153,Rosamond,Rojahn,rrojahn48@google.cn,Bigender,33.92.156.86
154,Rubie,Alton,ralton49@ehow.com,Genderqueer,125.182.160.179
155,Costa,Pinck,cpinck4a@mlb.com,Male,15.253.112.123
156,Giulia,Yushankin,gyushankin4b@seattletimes.com,Genderfluid,148.250.129.8
157,Rozella,Heenan,rheenan4c@123-reg.co.uk,Non-binary,57.245.230.224
158,Krysta,Hutchinson,khutchinson4d@newsvine.com,Genderqueer,199.154.103.38
159,Brucie,Leyton,bleyton4e@xinhuanet.com,Bigender,162.44.243.81
160,Jenine,Wurz,jwurz4f@com.com,Genderqueer,146.191.241.105
161,Ddene,Jeanin,djeanin4g@narod.ru,Male,198.146.60.231
162,Coop,O'Hoey,cohoey4h@alibaba.com,Genderqueer,243.225.165.37
163,Crystal,le Keux,clekeux4i@cisco.com,Female,175.24.93.149
164,Tadeas,Juorio,tjuorio4j@creativecommons.org,Male,224.65.100.218
165,Hanson,Gummow,hgummow4k@is.gd,Non-binary,131.125.210.44
166,Ethelind,Imlen,eimlen4l@weebly.com,Genderfluid,115.84.232.59
167,Tannie,Gasperi,tgasperi4m@washingtonpost.com,Polygender,128.205.4.248
168,Marika,Iacobucci,miacobucci4n@istockphoto.com,Non-binary,17.24.136.114
169,Yettie,Cescotti,ycescotti4o@is.gd,Agender,115.22.73.144
170,Boonie,Ovitts,bovitts4p@cnbc.com,Genderfluid,67.172.233.26
171,Saba,Autry,sautry4q@facebook.com,Male,30.140.23.92
172,Collin,Seven,cseven4r@ameblo.jp,Male,131.120.218.3
173,Ainslee,Marusik,amarusik4s@dmoz.org,Polygender,7.57.20.64
174,Meggi,Mattiazzo,mmattiazzo4t@cisco.com,Male,103.254.245.18
175,Dori,Sangar,dsangar4u@wikispaces.com,Genderfluid,223.82.26.207
176,Minnie,Hofton,mhofton4v@buzzfeed.com,Genderqueer,159.179.255.212
177,Emanuel,Craghead,ecraghead4w@cam.ac.uk,Non-binary,192.85.108.96
178,Guglielmo,Moncey,gmoncey4x@naver.com,Genderqueer,205.185.144.53
179,Felipe,Fareweather,ffareweather4y@freewebs.com,Bigender,158.115.170.40
180,Erhard,Benini,ebenini4z@edublogs.org,Male,214.17.131.70
181,Emeline,Landeaux,elandeaux50@ycombinator.com,Female,222.10.82.77
182,Errol,Prattin,eprattin51@newsvine.com,Non-binary,112.183.54.168
183,Chris,Phillpotts,cphillpotts52@paginegialle.it,Male,35.183.86.244
184,Kessia,Crippill,kcrippill53@unicef.org,Non-binary,90.134.237.54
185,Nikolia,Avrahamian,navrahamian54@cmu.edu,Non-binary,206.128.119.57
186,Mill,Crate,mcrate55@weibo.com,Agender,156.2.139.153
187,Vivienne,Stobart,vstobart56@amazon.co.jp,Non-binary,103.114.209.15
188,Nona,Edmeads,nedmeads57@slate.com,Male,181.117.210.202
189,Hetty,Sheals,hsheals58@pcworld.com,Polygender,200.177.143.211
190,Tressa,Minero,tminero59@timesonline.co.uk,Polygender,220.247.171.30
191,Clare,Somerlie,csomerlie5a@google.it,Female,153.199.94.23
192,Fredrika,Heaton,fheaton5b@oakley.com,Female,195.237.145.29
193,Jayme,Ornillos,jornillos5c@com.com,Bigender,132.74.133.191
194,Gratiana,Gress,ggress5d@symantec.com,Polygender,52.111.244.135
195,Maressa,Rowatt,mrowatt5e@reference.com,Genderfluid,215.122.156.59
196,Quinton,Pethrick,qpethrick5f@w3.org,Agender,76.187.255.237
197,Meris,Dawtre,mdawtre5g@phoca.cz,Genderfluid,42.237.208.135
198,Phillie,Wing,pwing5h@redcross.org,Non-binary,225.161.31.157
199,Abel,Toulson,atoulson5i@dot.gov,Agender,174.141.127.48
200,Shanta,Springell,sspringell5j@macromedia.com,Non-binary,74.171.42.34
201,Rudolfo,Volke,rvolke5k@imageshack.us,Female,106.254.71.79
202,Elias,Ragbourne,eragbourne5l@hostgator.com,Female,82.145.166.163
203,Angelita,Timmons,atimmons5m@icq.com,Agender,26.174.15.146
204,Frances,Strover,fstrover5n@de.vu,Male,56.226.22.119
205,Addy,Sexten,asexten5o@psu.edu,Female,200.63.127.147
206,Chilton,Wolpert,cwolpert5p@surveymonkey.com,Non-binary,199.250.53.207
207,Olly,Drawmer,odrawmer5q@paypal.com,Genderfluid,250.27.188.129
208,Vi,Mein,vmein5r@hp.com,Genderqueer,49.47.236.33
209,Web,Reckus,wreckus5s@cbslocal.com,Male,239.45.69.5
210,Abigail,Ganiford,aganiford5t@europa.eu,Agender,115.4.61.96
211,Brianna,Slocumb,bslocumb5u@pagesperso-orange.fr,Polygender,159.110.176.125
212,Mendel,Menis,mmenis5v@moonfruit.com,Polygender,68.144.92.5
213,Gardener,Mughal,gmughal5w@instagram.com,Genderfluid,63.187.144.17
214,Evelyn,Rozsa,erozsa5x@wordpress.org,Bigender,234.224.135.205
215,Chrisy,Tolossi,ctolossi5y@mapy.cz,Bigender,106.66.241.203
216,Dareen,Wrate,dwrate5z@archive.org,Genderqueer,171.92.174.94
217,Janos,Blaycock,jblaycock60@blinklist.com,Genderfluid,67.85.112.9
218,Abdul,Standfield,astandfield61@slideshare.net,Male,187.205.225.234
219,Olly,Staterfield,ostaterfield62@yolasite.com,Polygender,79.223.176.4
220,Cordy,Loveguard,cloveguard63@slashdot.org,Genderqueer,64.249.60.52
221,Connie,Dimelow,cdimelow64@devhub.com,Bigender,223.110.157.202
222,Sibley,Prewer,sprewer65@shareasale.com,Non-binary,0.91.211.51
223,Baxter,Blackey,bblackey66@shinystat.com,Bigender,165.221.160.41
224,Pieter,Iglesias,piglesias67@twitpic.com,Bigender,110.116.43.195
225,Elissa,Pea,epea68@ox.ac.uk,Genderfluid,108.238.175.169
226,Charyl,Duffitt,cduffitt69@gizmodo.com,Non-binary,166.149.91.229
227,Shawna,Northway,snorthway6a@twitpic.com,Genderfluid,132.104.67.175
228,Bud,Denning,bdenning6b@sitemeter.com,Bigender,135.7.184.70
229,Brittni,Hulbert,bhulbert6c@cargocollective.com,Genderfluid,86.212.72.38
230,Kennan,Stivey,kstivey6d@bing.com,Agender,41.28.239.75
231,Wandis,Stickney,wstickney6e@photobucket.com,Female,20.151.28.247
232,Pepillo,Bonallack,pbonallack6f@simplemachines.org,Female,201.49.64.207
233,Ritchie,Petrazzi,rpetrazzi6g@ebay.com,Male,172.103.175.89
234,Creighton,Ronaghan,cronaghan6h@ucoz.com,Non-binary,125.154.121.235
235,Brita,Kaesmakers,bkaesmakers6i@geocities.com,Female,204.93.88.51
236,Lanae,Laurance,llaurance6j@weather.com,Genderfluid,79.237.141.140
237,Daren,Pettingall,dpettingall6k@blogs.com,Male,239.238.145.95
238,Ode,Beadell,obeadell6l@cnbc.com,Non-binary,94.96.179.56
239,Mari,Cammiemile,mcammiemile6m@uiuc.edu,Agender,77.17.148.88
240,Gerardo,Pittman,gpittman6n@freewebs.com,Polygender,48.123.49.209
241,Siward,Sore,ssore6o@wunderground.com,Polygender,242.45.189.65
242,Myrta,Urch,murch6p@ibm.com,Polygender,150.155.129.208
243,Alonzo,Laneham,alaneham6q@xing.com,Male,49.43.5.78
244,Lenna,Ghest,lghest6r@clickbank.net,Genderqueer,39.28.43.155
245,Hymie,Scrace,hscrace6s@tmall.com,Bigender,70.4.129.20
246,Hirsch,McGeouch,hmcgeouch6t@chicagotribune.com,Genderqueer,12.192.206.30
247,Stanislaus,Ravenscraft,sravenscraft6u@tiny.cc,Agender,131.163.222.55
248,Thedric,Fowley,tfowley6v@usnews.com,Genderqueer,225.62.247.167
249,Kylie,Cuzen,kcuzen6w@ning.com,Bigender,145.182.191.20
250,Georgie,Folshom,gfolshom6x@nps.gov,Agender,117.14.152.102
251,Felix,Dudson,fdudson6y@blogger.com,Agender,43.14.88.250
252,Sibilla,Pooly,spooly6z@webnode.com,Polygender,90.233.116.0
253,Dodie,Henric,dhenric70@psu.edu,Male,17.228.95.253
254,Kahlil,Epperson,kepperson71@mail.ru,Polygender,128.22.246.184
255,Godwin,Nickols,gnickols72@ezinearticles.com,Bigender,106.205.118.222
256,Trefor,Plan,tplan73@dropbox.com,Polygender,123.74.139.87
257,Isobel,Handsheart,ihandsheart74@comsenz.com,Agender,20.99.164.24
258,Bail,Hayton,bhayton75@yelp.com,Non-binary,141.197.136.169
259,Noel,Bulpitt,nbulpitt76@cafepress.com,Genderfluid,4.101.96.229
260,Cloris,Burnett,cburnett77@goodreads.com,Genderqueer,164.58.87.147
261,Arlan,Boom,aboom78@scribd.com,Polygender,62.58.109.187
262,Austen,Agron,aagron79@angelfire.com,Polygender,168.237.16.169
263,Merrielle,Robatham,mrobatham7a@github.io,Polygender,239.221.130.21
264,Lucia,Cooney,lcooney7b@smugmug.com,Polygender,170.199.134.119
265,Arielle,Polini,apolini7c@goodreads.com,Non-binary,159.153.226.67
266,Haywood,O' Byrne,hobyrne7d@google.ca,Bigender,97.15.123.192
267,Molly,Durban,mdurban7e@go.com,Male,127.207.63.199
268,Frasier,Batalini,fbatalini7f@ucla.edu,Male,187.47.18.88
269,Dyann,Tousy,dtousy7g@imageshack.us,Bigender,11.139.42.168
270,Archaimbaud,Currington,acurrington7h@nasa.gov,Bigender,99.135.177.92
271,Libby,Klossmann,lklossmann7i@yahoo.co.jp,Genderqueer,227.240.16.17
272,Carson,Padginton,cpadginton7j@usda.gov,Male,147.213.147.183
273,Golda,Crotty,gcrotty7k@tinypic.com,Agender,86.189.227.29
274,Brit,Foy,bfoy7l@hc360.com,Female,10.160.116.237
275,Cassy,Hamsson,chamsson7m@comsenz.com,Genderqueer,166.171.165.8
276,Paquito,Timoney,ptimoney7n@photobucket.com,Agender,248.197.129.42
277,Kerr,McKirton,kmckirton7o@redcross.org,Male,49.149.135.244
278,Alain,Rennick,arennick7p@biglobe.ne.jp,Male,227.147.113.116
279,Brooke,Gutans,bgutans7q@who.int,Agender,3.12.91.142
280,Jakob,Stiant,jstiant7r@addtoany.com,Agender,58.56.149.254
281,Arliene,Kaszper,akaszper7s@slate.com,Polygender,50.10.9.120
282,Salem,Hercock,shercock7t@unicef.org,Male,67.7.87.69
283,Sebastien,Dahlman,sdahlman7u@paypal.com,Female,226.116.32.154
284,Bonny,Beatey,bbeatey7v@unc.edu,Female,202.234.120.61
285,Alberik,Zanardii,azanardii7w@aol.com,Polygender,237.246.144.140
286,Bibbye,Blenkiron,bblenkiron7x@nydailynews.com,Male,150.64.134.182
287,Rafaelia,Glander,rglander7y@ocn.ne.jp,Genderqueer,221.245.183.169
288,Mildrid,Dries,mdries7z@domainmarket.com,Genderqueer,125.209.13.115
289,Helene,Duny,hduny80@canalblog.com,Genderfluid,235.192.174.14
290,Berrie,Halpine,bhalpine81@microsoft.com,Non-binary,122.46.85.233
291,Catina,Heggs,cheggs82@printfriendly.com,Bigender,94.130.62.57
292,Cedric,Khristyukhin,ckhristyukhin83@dmoz.org,Agender,230.251.85.8
293,Emmey,Marchington,emarchington84@i2i.jp,Female,91.103.35.125
294,Wain,Peschmann,wpeschmann85@elpais.com,Genderfluid,71.69.143.156
295,Layla,Miner,lminer86@cpanel.net,Bigender,18.160.54.49
296,Jocelyn,Spencley,jspencley87@dmoz.org,Female,114.97.41.185
297,Parke,Neillans,pneillans88@live.com,Bigender,75.5.121.58
298,Shannan,Thomkins,sthomkins89@archive.org,Genderqueer,163.158.243.195
299,Carolan,Niven,cniven8a@netlog.com,Male,202.233.191.120
300,Anastassia,Bilbrooke,abilbrooke8b@blogspot.com,Polygender,4.180.198.195
301,Natale,Killby,nkillby8c@phoca.cz,Genderqueer,201.233.103.36
302,Lin,Flohard,lflohard8d@freewebs.com,Male,24.143.33.68
303,Malissa,Braine,mbraine8e@hud.gov,Male,155.33.199.182
304,Bess,Clift,bclift8f@pen.io,Genderfluid,9.70.195.48
305,Brittany,Skeath,bskeath8g@nyu.edu,Genderfluid,46.106.166.51
306,Carlita,Prisley,cprisley8h@sbwire.com,Male,156.28.129.82
307,Parsifal,Denisyuk,pdenisyuk8i@nih.gov,Female,94.98.181.61
308,Dallas,Britt,dbritt8j@sciencedirect.com,Bigender,26.189.46.149
309,Jennifer,Hebblewaite,jhebblewaite8k@cnet.com,Non-binary,144.146.178.137
310,Eloise,Anfrey,eanfrey8l@ycombinator.com,Male,215.235.216.48
311,Misty,Garwood,mgarwood8m@360.cn,Agender,213.254.8.116
312,Deloria,Troillet,dtroillet8n@about.me,Non-binary,180.187.3.39
313,Allis,Fulbrook,afulbrook8o@dagondesign.com,Bigender,224.200.68.96
314,Warde,Cram,wcram8p@youtube.com,Genderqueer,103.222.83.10
315,Hugibert,Dibb,hdibb8q@last.fm,Non-binary,163.14.204.110
316,Gonzales,Jefferd,gjefferd8r@harvard.edu,Genderqueer,244.56.66.189
317,Donny,Stennet,dstennet8s@ted.com,Genderqueer,92.131.112.200
318,Velvet,Date,vdate8t@mapquest.com,Polygender,33.71.79.91
319,Marielle,Ahmad,mahmad8u@clickbank.net,Polygender,171.204.57.56
320,Dominica,Gligoraci,dgligoraci8v@wired.com,Agender,215.196.12.242
321,Ody,Fiddeman,ofiddeman8w@hhs.gov,Bigender,158.38.131.111
322,Trenton,Bartomeu,tbartomeu8x@yelp.com,Genderqueer,133.50.31.118
323,Briney,Fincke,bfincke8y@icq.com,Male,165.25.176.158
324,Regina,Balsom,rbalsom8z@slideshare.net,Non-binary,26.179.150.12
325,Chelsey,Shucksmith,cshucksmith90@slideshare.net,Male,182.137.125.94
326,Simonette,Rabat,srabat91@umn.edu,Bigender,226.118.203.96
327,Weider,Schust,wschust92@technorati.com,Genderfluid,158.73.131.25
328,Carey,Kleingrub,ckleingrub93@theatlantic.com,Male,4.106.212.42
329,Magdalen,Korbmaker,mkorbmaker94@msn.com,Polygender,81.230.252.24
330,Bobinette,Chavey,bchavey95@tinyurl.com,Agender,125.204.182.65
331,Pearline,Eam,peam96@tripod.com,Polygender,210.137.141.239
332,Merna,Densie,mdensie97@europa.eu,Agender,3.134.166.118
333,Emilee,Benitti,ebenitti98@123-reg.co.uk,Male,53.35.51.70
334,Thea,Veale,tveale99@google.fr,Genderfluid,147.237.102.182
335,Eileen,Rippingall,erippingall9a@digg.com,Agender,228.65.31.64
336,Aubry,Budding,abudding9b@netvibes.com,Genderqueer,138.85.245.192
337,Sanderson,Henriquet,shenriquet9c@geocities.jp,Genderqueer,69.170.241.54
338,Addia,McKyrrelly,amckyrrelly9d@moonfruit.com,Genderqueer,213.159.105.35
339,Bobbie,Vannoort,bvannoort9e@google.es,Genderqueer,239.38.156.110
340,Maure,Ryman,mryman9f@theguardian.com,Bigender,183.191.188.168
341,Alasteir,Padmore,apadmore9g@umn.edu,Bigender,32.178.72.207
342,Terri-jo,Sautter,tsautter9h@guardian.co.uk,Genderfluid,163.209.145.51
343,Lorena,Hallas,lhallas9i@wiley.com,Bigender,19.196.46.245
344,Elyssa,Milkin,emilkin9j@ucoz.com,Bigender,173.223.128.239
345,Verna,Gut,vgut9k@t.co,Male,83.81.244.100
346,Rebbecca,Cossington,rcossington9l@discuz.net,Genderqueer,23.68.57.193
347,Tonya,Benka,tbenka9m@drupal.org,Polygender,105.144.249.145
348,Elizabeth,Pitblado,epitblado9n@apple.com,Non-binary,18.171.15.172
349,Averil,Casina,acasina9o@ed.gov,Non-binary,216.62.208.58
350,Sheree,Jellard,sjellard9p@sfgate.com,Non-binary,35.108.20.213
351,Sheryl,Hendrickx,shendrickx9q@google.ca,Polygender,149.198.242.81
352,Saleem,Reagan,sreagan9r@discuz.net,Agender,151.149.215.152
353,Teodoor,Bourrel,tbourrel9s@jugem.jp,Non-binary,240.97.7.237
354,Pavla,Morena,pmorena9t@lulu.com,Male,147.232.120.97
355,Justine,Tanfield,jtanfield9u@usnews.com,Polygender,94.179.118.53
356,Vidovic,Cowdry,vcowdry9v@google.com.hk,Genderqueer,99.6.180.42
357,Meier,Perassi,mperassi9w@dmoz.org,Agender,236.24.136.153
358,Milo,Durnin,mdurnin9x@google.es,Male,24.33.59.9
359,Lily,Gapper,lgapper9y@nytimes.com,Genderqueer,28.196.70.43
360,My,Fickling,mfickling9z@weather.com,Bigender,21.223.13.165
361,Shamus,Barwack,sbarwacka0@surveymonkey.com,Bigender,146.231.64.127
362,Ede,Swains,eswainsa1@deviantart.com,Agender,64.106.19.175
363,Sarena,Ubsdale,subsdalea2@4shared.com,Genderqueer,177.82.234.251
364,Nickey,Haldene,nhaldenea3@prweb.com,Agender,116.231.132.106
365,Redd,Schimpke,rschimpkea4@unblog.fr,Polygender,37.28.132.240
366,Levey,Labon,llabona5@rediff.com,Female,0.42.230.248
367,Minette,Ashard,masharda6@examiner.com,Polygender,242.181.103.200
368,Tomaso,Oldacres,toldacresa7@hostgator.com,Polygender,172.28.239.82
369,Micky,Densey,mdenseya8@tuttocitta.it,Bigender,95.191.12.59
370,Yule,Winpenny,ywinpennya9@weather.com,Genderqueer,84.185.102.205
371,Serena,Arstingall,sarstingallaa@marriott.com,Bigender,33.165.159.37
372,Rafaela,Mitchell,rmitchellab@google.es,Genderfluid,149.69.149.203
373,Ada,Passingham,apassinghamac@webs.com,Bigender,23.160.197.77
374,Gwen,Ferreo,gferreoad@harvard.edu,Female,64.6.170.222
375,Benjamen,Leither,bleitherae@usnews.com,Male,88.26.35.218
376,Nelia,Eversley,neversleyaf@ox.ac.uk,Agender,178.86.72.231
377,Ely,Mangenet,emangenetag@gravatar.com,Non-binary,47.69.104.148
378,Jean,Trench,jtrenchah@mac.com,Agender,70.33.222.13
379,Shoshanna,Eglaise,seglaiseai@opera.com,Non-binary,68.32.189.18
380,Engracia,Gregersen,egregersenaj@xing.com,Genderfluid,241.89.168.22
381,Michael,Southerill,msoutherillak@shutterfly.com,Agender,71.157.121.151
382,Celene,Smallman,csmallmanal@hibu.com,Non-binary,6.240.229.242
383,Biddy,Wenger,bwengeram@icio.us,Non-binary,164.156.27.184
384,Lynnette,Marns,lmarnsan@harvard.edu,Male,149.113.124.93
385,Shanon,Danilchik,sdanilchikao@indiegogo.com,Non-binary,49.104.61.100
386,Nissie,Samwaye,nsamwayeap@eventbrite.com,Non-binary,147.213.166.81
387,Courtney,Cleveley,ccleveleyaq@etsy.com,Polygender,109.69.189.207
388,Sadie,Warr,swarrar@homestead.com,Agender,29.181.70.174
389,Darwin,Sutherel,dsutherelas@bandcamp.com,Agender,131.120.221.97
390,Cherin,Rany,cranyat@mail.ru,Non-binary,53.176.31.252
391,Cal,Jest,cjestau@163.com,Genderfluid,105.22.61.41
392,Jewel,Bridger,jbridgerav@prweb.com,Non-binary,9.228.64.224
393,Misti,Dinkin,mdinkinaw@noaa.gov,Bigender,188.170.231.170
394,Mirabella,Gameson,mgamesonax@geocities.jp,Male,152.129.247.116
395,Florette,Richardt,frichardtay@adobe.com,Genderfluid,175.30.189.218
396,Hedvige,Denacamp,hdenacampaz@shinystat.com,Non-binary,172.82.221.120
397,Belle,Larder,blarderb0@patch.com,Bigender,137.90.216.175
398,Gail,Maren,gmarenb1@constantcontact.com,Female,244.166.217.104
399,Wendye,Brudenell,wbrudenellb2@cornell.edu,Polygender,206.43.3.190
400,Carney,O'Hederscoll,cohederscollb3@cocolog-nifty.com,Agender,46.150.145.235
401,Brocky,MacConnel,bmacconnelb4@fotki.com,Agender,129.217.147.67
402,Pavla,Kinman,pkinmanb5@icq.com,Female,235.63.104.86
403,Blinny,Perett,bperettb6@independent.co.uk,Genderqueer,37.121.189.3
404,Julius,Creane,jcreaneb7@springer.com,Male,129.90.156.24
405,Evita,Parvin,eparvinb8@thetimes.co.uk,Polygender,79.58.83.165
406,Darsey,Elphinstone,delphinstoneb9@tripod.com,Bigender,94.5.64.170
407,Nanette,Sibley,nsibleyba@cbc.ca,Bigender,90.68.205.121
408,Fernando,Eastcourt,feastcourtbb@woothemes.com,Non-binary,203.247.85.113
409,Teena,Lalevee,tlaleveebc@addtoany.com,Non-binary,227.78.114.92
410,Goldarina,Ehlerding,gehlerdingbd@gizmodo.com,Non-binary,186.94.138.90
411,Moira,MacWhan,mmacwhanbe@ucsd.edu,Bigender,199.105.180.141
412,Vivianne,Lantoph,vlantophbf@wp.com,Male,49.94.157.100
413,Jaimie,Dabes,jdabesbg@skype.com,Female,13.177.69.76
414,Colver,Oldnall,coldnallbh@facebook.com,Polygender,40.63.163.0
415,Analiese,McKerlie,amckerliebi@desdev.cn,Agender,16.3.229.1
416,Curtis,Seally,cseallybj@reddit.com,Polygender,218.97.13.164
417,Marlo,Felmingham,mfelminghambk@redcross.org,Female,21.122.138.17
418,Dennie,Able,dablebl@webmd.com,Non-binary,29.128.255.177
419,Raddy,MacTavish,rmactavishbm@deliciousdays.com,Genderqueer,247.107.239.90
420,Bertine,Varney,bvarneybn@technorati.com,Non-binary,222.238.87.13
421,Christabel,Rutt,cruttbo@webs.com,Non-binary,56.219.148.205
422,Klement,Chimenti,kchimentibp@answers.com,Bigender,65.193.10.212
423,Caril,Pollicott,cpollicottbq@pen.io,Polygender,243.37.214.195
424,Darlleen,Gerasch,dgeraschbr@mapy.cz,Genderqueer,160.183.174.102
425,Nerti,Palumbo,npalumbobs@apple.com,Bigender,247.18.147.172
426,Kathlin,Crimp,kcrimpbt@google.com.au,Genderqueer,14.74.6.146
427,Magda,Robart,mrobartbu@google.es,Bigender,190.65.35.216
428,Way,Boggis,wboggisbv@ca.gov,Genderfluid,149.214.34.118
429,Kingston,Borgnol,kborgnolbw@cnn.com,Bigender,237.74.42.86
430,Wolfie,Verchambre,wverchambrebx@senate.gov,Bigender,26.42.80.77
431,Elsy,Wigin,ewiginby@baidu.com,Male,59.241.27.241
432,Maisie,Himpson,mhimpsonbz@mayoclinic.com,Female,132.3.186.21
433,Jeno,Landers,jlandersc0@yelp.com,Agender,139.29.136.87
434,Katusha,Oram,koramc1@paypal.com,Genderfluid,190.10.153.29
435,Francine,Whitmell,fwhitmellc2@feedburner.com,Polygender,237.37.255.168
436,Zebulon,Forestel,zforestelc3@dailymotion.com,Male,11.156.163.94
437,Cara,Shearmur,cshearmurc4@dedecms.com,Genderqueer,63.37.91.237
438,Una,Creany,ucreanyc5@deviantart.com,Male,196.185.34.164
439,Carlee,Kindleysides,ckindleysidesc6@time.com,Polygender,41.104.222.2
440,Fancy,Birtley,fbirtleyc7@answers.com,Non-binary,209.95.14.127
441,Madelle,Bilovus,mbilovusc8@xinhuanet.com,Genderqueer,250.208.206.72
442,Guinevere,Maken,gmakenc9@ucoz.ru,Agender,92.203.232.157
443,Barnabas,Gernier,bgernierca@surveymonkey.com,Male,211.184.77.106
444,Bob,Gurnell,bgurnellcb@oakley.com,Non-binary,198.149.224.204
445,Davine,Kornacki,dkornackicc@prnewswire.com,Male,30.25.225.60
446,Tory,McPharlain,tmcpharlaincd@artisteer.com,Polygender,192.179.8.16
447,Emmeline,Burkinshaw,eburkinshawce@wix.com,Female,252.204.237.49
448,Robin,Harborow,rharborowcf@google.cn,Bigender,63.167.34.232
449,Perry,Songer,psongercg@usnews.com,Genderfluid,157.112.154.233
450,Yank,Cattle,ycattlech@fastcompany.com,Bigender,214.122.138.112
451,Aundrea,Halsted,ahalstedci@kickstarter.com,Non-binary,65.39.44.187
452,Creigh,Leeves,cleevescj@discuz.net,Agender,242.1.232.34
453,Ileana,Mould,imouldck@nytimes.com,Male,198.58.6.51
454,Taffy,Jedrzejewsky,tjedrzejewskycl@stumbleupon.com,Bigender,186.66.191.140
455,Myer,Jenno,mjennocm@google.fr,Genderqueer,64.245.167.128
456,Noami,Thacker,nthackercn@blinklist.com,Polygender,56.249.106.255
457,George,Liell,gliellco@lulu.com,Bigender,189.180.174.251
458,Toddie,Aliberti,taliberticp@mapy.cz,Agender,58.219.150.129
459,Haven,Bewick,hbewickcq@si.edu,Genderfluid,92.63.56.3
460,Sonnie,Uman,sumancr@fema.gov,Female,99.55.48.145
461,Erena,Oldham,eoldhamcs@meetup.com,Male,39.133.217.47
462,Clare,Doogue,cdooguect@tinyurl.com,Genderqueer,25.2.235.239
463,Bartram,Dudek,bdudekcu@diigo.com,Female,190.164.133.43
464,Ariel,Zamorano,azamoranocv@fotki.com,Genderqueer,7.0.187.231
465,Donnajean,Godehard.sf,dgodehardsfcw@google.co.uk,Non-binary,252.161.70.98
466,Viola,Lisciandro,vlisciandrocx@discovery.com,Genderqueer,119.92.82.5
467,Jayme,Cust,jcustcy@squidoo.com,Male,250.9.78.111
468,Corene,Exley,cexleycz@thetimes.co.uk,Genderfluid,1.205.156.166
469,Lodovico,Callar,lcallard0@cbslocal.com,Bigender,214.247.130.28
470,Benetta,Emanulsson,bemanulssond1@house.gov,Bigender,179.58.251.245
471,Drusy,Gilchrist,dgilchristd2@yandex.ru,Female,35.168.142.179
472,Bryanty,Umbert,bumbertd3@mail.ru,Agender,133.244.249.80
473,Glenn,Sturrock,gsturrockd4@usgs.gov,Non-binary,198.71.222.214
474,Emmy,Dullingham,edullinghamd5@prnewswire.com,Polygender,20.243.135.129
475,Ibrahim,Emmer,iemmerd6@census.gov,Female,123.200.188.208
476,Ibby,Sixsmith,isixsmithd7@nhs.uk,Male,51.49.116.36
477,Tremain,Harower,tharowerd8@hubpages.com,Genderfluid,134.33.156.171
478,Lazaro,Divell,ldivelld9@nsw.gov.au,Female,252.182.29.68
479,Kacey,Kempshall,kkempshallda@elegantthemes.com,Male,64.2.249.211
480,Sandi,Braikenridge,sbraikenridgedb@dell.com,Agender,144.74.46.115
481,Cherish,Fabry,cfabrydc@microsoft.com,Female,192.180.99.245
482,Bunni,Hedger,bhedgerdd@privacy.gov.au,Polygender,169.17.70.201
483,Vevay,O'Logan,vologande@360.cn,Bigender,248.151.12.57
484,Britt,Barbey,bbarbeydf@i2i.jp,Genderqueer,58.59.22.171
485,Andy,Devin,adevindg@timesonline.co.uk,Female,195.2.251.28
486,Germana,Wanklin,gwanklindh@umich.edu,Polygender,192.192.47.215
487,Vasily,Bustin,vbustindi@discuz.net,Female,247.111.166.7
488,Zulema,Morewood,zmorewooddj@hao123.com,Non-binary,218.218.82.254
489,Norri,Mapother,nmapotherdk@tuttocitta.it,Female,105.95.72.239
490,Barty,Cawdron,bcawdrondl@artisteer.com,Agender,180.86.234.184
491,Osmond,Fairlam,ofairlamdm@de.vu,Polygender,239.76.73.167
492,Stafani,Hearnes,shearnesdn@youtu.be,Agender,133.189.28.30
493,Tabbie,Goshawke,tgoshawkedo@infoseek.co.jp,Agender,133.75.251.244
494,Gratia,Spier,gspierdp@g.co,Male,226.64.108.41
495,Arvie,Dreelan,adreelandq@g.co,Male,54.250.239.90
496,Orion,Ebbage,oebbagedr@examiner.com,Genderqueer,34.9.181.246
497,Val,Ealden,vealdends@bloglines.com,Genderfluid,92.119.37.249
498,Jonah,Boykett,jboykettdt@archive.org,Bigender,24.2.126.34
499,Nevins,Culpin,nculpindu@google.ca,Male,127.56.202.55
500,Corie,Stobie,cstobiedv@g.co,Genderqueer,195.119.96.78
501,Evangeline,Diess,ediessdw@salon.com,Bigender,7.156.171.174
502,Wait,McAloren,wmcalorendx@timesonline.co.uk,Male,171.24.215.74
503,Zacharie,Feake,zfeakedy@diigo.com,Bigender,201.251.37.150
504,Martie,Arniz,marnizdz@paypal.com,Polygender,120.22.245.23
505,Fletcher,Backs,fbackse0@buzzfeed.com,Polygender,217.133.33.231
506,Nikolia,Gherarducci,ngherarduccie1@blogs.com,Genderfluid,199.29.35.187
507,Dorothy,Patching,dpatchinge2@odnoklassniki.ru,Genderfluid,132.249.159.220
508,Dolph,Giotto,dgiottoe3@foxnews.com,Genderfluid,103.118.96.245
509,Rafi,Bagot,rbagote4@photobucket.com,Genderqueer,106.13.181.44
510,Hermann,Staves,hstavese5@ovh.net,Female,51.11.200.170
511,Tara,Tetla,ttetlae6@twitter.com,Agender,220.33.21.136
512,Josefa,Norrie,jnorriee7@usgs.gov,Agender,128.54.194.63
513,Candide,Rouby,croubye8@goo.ne.jp,Genderfluid,44.128.76.37
514,Brent,Sacchetti,bsacchettie9@theguardian.com,Genderfluid,217.91.15.195
515,Loraine,Boyen,lboyenea@bravesites.com,Genderqueer,103.95.141.228
516,Margit,Rotherham,mrotherhameb@ucsd.edu,Agender,225.106.25.212
517,Emelen,Petruska,epetruskaec@hubpages.com,Genderqueer,124.237.167.191
518,Addie,Piccop,apiccoped@house.gov,Non-binary,48.169.176.141
519,Florie,Goly,fgolyee@prnewswire.com,Female,68.210.28.62
520,Ginger,Waitland,gwaitlandef@tiny.cc,Bigender,68.248.173.32
521,Johna,Georghiou,jgeorghioueg@devhub.com,Genderfluid,156.48.60.72
522,Nedda,Lauga,nlaugaeh@blogs.com,Genderqueer,188.3.60.0
523,Eduino,Daws,edawsei@abc.net.au,Female,12.64.102.63
524,Tabby,MacLaig,tmaclaigej@e-recht24.de,Bigender,128.228.156.181
525,Rocky,Stowell,rstowellek@wix.com,Agender,90.245.36.127
526,Padgett,Bickerstaffe,pbickerstaffeel@hostgator.com,Female,38.199.166.11
527,Cly,Peasgood,cpeasgoodem@google.ca,Agender,130.73.105.171
528,My,Blackbourn,mblackbournen@alexa.com,Male,116.93.251.114
529,Salaidh,Sciacovelli,ssciacovellieo@angelfire.com,Male,28.56.33.25
530,Roger,Lyvon,rlyvonep@pbs.org,Genderfluid,227.163.58.181
531,Andros,Wyer,awyereq@cdbaby.com,Genderqueer,77.30.199.15
532,Mireille,Pattison,mpattisoner@360.cn,Female,30.252.49.78
533,Laurene,Charles,lcharleses@nyu.edu,Bigender,197.138.3.218
534,Bette,Wolford,bwolfordet@census.gov,Female,231.122.166.198
535,Joanna,MacTeggart,jmacteggarteu@comcast.net,Non-binary,91.194.0.184
536,Dallon,D'Alessio,ddalessioev@vinaora.com,Male,78.54.190.48
537,Jere,Paal,jpaalew@guardian.co.uk,Bigender,77.54.206.55
538,Crin,Everill,ceverillex@meetup.com,Polygender,207.36.40.12
539,Hannis,McPeck,hmcpeckey@arizona.edu,Agender,76.138.187.27
540,Tallou,Coverlyn,tcoverlynez@blogger.com,Polygender,97.211.77.144
541,Carry,Petrak,cpetrakf0@theglobeandmail.com,Male,136.251.46.178
542,Bev,Fransewich,bfransewichf1@blinklist.com,Male,153.102.101.184
543,Sigismundo,Boots,sbootsf2@shop-pro.jp,Male,250.24.152.143
544,Otha,Gerwood,ogerwoodf3@typepad.com,Female,219.2.207.64
545,Florrie,Catcherside,fcatchersidef4@about.me,Non-binary,100.169.122.144
546,Joan,Di Francecshi,jdifrancecshif5@nature.com,Agender,252.69.225.81
547,Jed,Woodcock,jwoodcockf6@shutterfly.com,Male,172.163.196.108
548,Hanni,Oslar,hoslarf7@51.la,Genderfluid,229.188.9.216
549,Brody,McFayden,bmcfaydenf8@nasa.gov,Polygender,203.59.111.218
550,Gladys,Thorne,gthornef9@meetup.com,Non-binary,220.165.202.114
551,Tristan,Poxson,tpoxsonfa@i2i.jp,Bigender,131.160.145.91
552,Raff,Ivell,rivellfb@creativecommons.org,Female,221.96.89.73
553,Benoite,McCormack,bmccormackfc@ucsd.edu,Agender,0.184.40.106
554,Doralyn,Munkley,dmunkleyfd@nature.com,Female,189.71.206.134
555,Wilek,Rosander,wrosanderfe@vkontakte.ru,Non-binary,49.177.9.15
556,Aggy,Norton,anortonff@npr.org,Male,250.6.29.214
557,Carlye,D'Ugo,cdugofg@squidoo.com,Polygender,53.68.25.69
558,Eberto,Creeber,ecreeberfh@noaa.gov,Polygender,8.225.8.61
559,Nickolaus,Jerschke,njerschkefi@nyu.edu,Genderqueer,3.252.225.219
560,Tedman,Browne,tbrownefj@mail.ru,Male,119.148.248.200
561,Meredithe,Benit,mbenitfk@nyu.edu,Polygender,206.31.69.117
562,Lannie,Klich,lklichfl@hibu.com,Genderfluid,221.138.186.3
563,Dunstan,Mockford,dmockfordfm@geocities.jp,Female,111.216.154.247
564,Gill,Wike,gwikefn@washington.edu,Male,138.186.35.232
565,Falito,Paoletti,fpaolettifo@printfriendly.com,Genderqueer,205.253.65.204
566,Felix,Alderwick,falderwickfp@shutterfly.com,Genderfluid,115.22.237.54
567,Alisa,Boise,aboisefq@wunderground.com,Agender,88.209.65.118
568,Ame,Van der Brugge,avanderbruggefr@pbs.org,Genderfluid,253.214.196.0
569,Dianemarie,Juden,djudenfs@kickstarter.com,Female,158.120.238.134
570,Ashton,Colcomb,acolcombft@parallels.com,Non-binary,218.3.222.218
571,Karlan,Hodgon,khodgonfu@npr.org,Male,199.190.67.5
572,Iain,La Grange,ilagrangefv@apple.com,Genderfluid,69.111.87.77
573,Letta,Fetters,lfettersfw@gravatar.com,Non-binary,224.3.187.158
574,Abbe,Madgin,amadginfx@flickr.com,Bigender,110.130.184.252
575,Roanna,Tillot,rtillotfy@telegraph.co.uk,Non-binary,170.250.136.248
576,Sybil,Curror,scurrorfz@t.co,Agender,138.170.237.63
577,Viki,Doyley,vdoyleyg0@mapy.cz,Genderqueer,116.8.255.145
578,Dannie,Gamage,dgamageg1@walmart.com,Non-binary,91.0.182.73
579,Rafaello,Found,rfoundg2@boston.com,Genderqueer,181.13.155.0
580,Jakie,Palfrie,jpalfrieg3@ebay.com,Female,14.225.223.119
581,Griswold,Hullock,ghullockg4@pen.io,Polygender,219.187.222.164
582,Grace,Gilbertson,ggilbertsong5@free.fr,Genderqueer,188.246.236.209
583,Mitchael,Hadlow,mhadlowg6@wordpress.org,Genderfluid,105.126.37.175
584,Talyah,Condit,tconditg7@aboutads.info,Female,16.43.233.106
585,Charisse,Nanni,cnannig8@nps.gov,Male,136.247.135.110
586,Bax,Lafee,blafeeg9@google.de,Female,33.164.201.163
587,Evered,Desson,edessonga@feedburner.com,Agender,71.143.28.130
588,Gareth,Kermeen,gkermeengb@netlog.com,Genderfluid,41.68.214.71
589,Randie,Bayley,rbayleygc@macromedia.com,Polygender,18.214.90.26
590,Portie,Davidavidovics,pdavidavidovicsgd@webeden.co.uk,Polygender,142.186.113.160
591,Barthel,Bridgnell,bbridgnellge@vk.com,Male,249.170.69.132
592,Dunn,Bamfield,dbamfieldgf@cam.ac.uk,Bigender,226.236.132.248
593,Hendrika,Sinott,hsinottgg@infoseek.co.jp,Non-binary,15.91.102.152
594,Juliette,Barry,jbarrygh@globo.com,Polygender,165.66.121.220
595,Elroy,Grimsdyke,egrimsdykegi@tripod.com,Polygender,42.190.93.95
596,Cassius,Guerri,cguerrigj@yellowpages.com,Polygender,94.155.229.183
597,Risa,Belham,rbelhamgk@yandex.ru,Agender,250.142.30.135
598,Pierette,Edis,pedisgl@ehow.com,Bigender,19.61.150.122
599,Doloritas,Nials,dnialsgm@soup.io,Genderfluid,17.18.125.56
600,Iseabal,Fowells,ifowellsgn@army.mil,Male,87.224.215.138
601,Betty,Lowres,blowresgo@trellian.com,Bigender,240.202.197.226
602,Herold,Binding,hbindinggp@weibo.com,Non-binary,95.146.158.245
603,Berton,Palfree,bpalfreegq@house.gov,Polygender,116.114.112.105
604,Antone,Simonetto,asimonettogr@paginegialle.it,Polygender,59.234.203.16
605,Maribeth,Kenforth,mkenforthgs@yahoo.com,Genderqueer,62.42.240.80
606,Ilyse,Boodell,iboodellgt@vk.com,Genderfluid,105.77.199.195
607,Honoria,Jenman,hjenmangu@macromedia.com,Genderqueer,77.186.168.21
608,Daryle,Jenno,djennogv@buzzfeed.com,Polygender,83.124.106.125
609,Sonja,Soar,ssoargw@t-online.de,Non-binary,241.37.98.179
610,Leanor,Starford,lstarfordgx@time.com,Female,159.171.214.248
611,Damian,Vampouille,dvampouillegy@opensource.org,Male,217.153.149.220
612,Marti,Salan,msalangz@parallels.com,Polygender,219.7.245.6
613,Aurelea,Gorey,agoreyh0@vistaprint.com,Polygender,213.207.169.67
614,Devi,Elsbury,delsburyh1@hexun.com,Bigender,109.83.145.115
615,Way,Franchioni,wfranchionih2@desdev.cn,Genderqueer,78.221.81.118
616,Ambros,Dunseath,adunseathh3@rambler.ru,Agender,219.218.93.160
617,Lester,Blincoe,lblincoeh4@amazonaws.com,Bigender,123.80.170.228
618,Kinsley,Izkovitch,kizkovitchh5@webnode.com,Polygender,39.179.8.149
619,Jenna,Penswick,jpenswickh6@canalblog.com,Bigender,132.25.154.116
620,Payton,Hollingby,phollingbyh7@npr.org,Genderqueer,191.209.214.212
621,Ruby,Lindl,rlindlh8@marriott.com,Agender,159.255.73.150
622,Tera,Lawther,tlawtherh9@biglobe.ne.jp,Female,30.98.62.1
623,Seumas,Basant,sbasantha@multiply.com,Genderqueer,153.96.189.233
624,Genovera,Ferries,gferrieshb@trellian.com,Genderfluid,9.140.42.49
625,Donnajean,Pieroni,dpieronihc@homestead.com,Genderfluid,12.224.163.198
626,Milly,Brodway,mbrodwayhd@google.com.br,Male,42.243.70.227
627,Terrence,Vasilischev,tvasilischevhe@addtoany.com,Genderfluid,60.112.145.81
628,Jerry,Reese,jreesehf@fc2.com,Polygender,195.148.50.81
629,Keary,Grgic,kgrgichg@mail.ru,Non-binary,85.99.79.188
630,Tibold,Proughten,tproughtenhh@usgs.gov,Polygender,132.222.167.200
631,Torrin,Perrinchief,tperrinchiefhi@istockphoto.com,Non-binary,115.32.130.200
632,Kelby,Gautrey,kgautreyhj@earthlink.net,Non-binary,251.224.170.168
633,Creigh,Lghan,clghanhk@economist.com,Genderfluid,172.135.192.18
634,Xavier,Scalera,xscalerahl@omniture.com,Genderfluid,247.138.230.218
635,Avictor,Anthoney,aanthoneyhm@dedecms.com,Bigender,86.254.37.204
636,Tierney,Del Checolo,tdelchecolohn@pagesperso-orange.fr,Male,154.182.32.132
637,Thorin,Degenhardt,tdegenhardtho@naver.com,Bigender,42.155.63.132
638,Jacquetta,Vowden,jvowdenhp@spotify.com,Genderqueer,56.213.159.35
639,Isadora,Winkworth,iwinkworthhq@wiley.com,Agender,7.73.164.233
640,Suzi,Steers,ssteershr@dailymail.co.uk,Non-binary,12.231.63.97
641,Em,Senecaux,esenecauxhs@guardian.co.uk,Bigender,118.44.2.107
642,Emmalee,Ridgley,eridgleyht@ed.gov,Non-binary,98.85.207.100
643,Tamas,Willox,twilloxhu@scribd.com,Bigender,232.60.90.124
644,Alisha,Perrinchief,aperrinchiefhv@youtu.be,Female,155.223.254.88
645,Hayes,Avery,haveryhw@smugmug.com,Non-binary,226.148.204.4
646,Jethro,Broz,jbrozhx@lycos.com,Genderqueer,120.12.231.5
647,Giovanni,Andover,gandoverhy@merriam-webster.com,Agender,176.21.235.151
648,Estrellita,Camerello,ecamerellohz@uiuc.edu,Genderfluid,89.110.59.38
649,Burch,Ends,bendsi0@livejournal.com,Genderqueer,87.221.126.131
650,Basilius,Whittlesee,bwhittleseei1@google.ca,Bigender,153.116.94.129
651,Clay,Nortcliffe,cnortcliffei2@weibo.com,Non-binary,20.138.169.205
652,Aliza,Cullen,aculleni3@multiply.com,Non-binary,73.125.28.28
653,Maybelle,Peoples,mpeoplesi4@webeden.co.uk,Non-binary,167.243.133.22
654,Rosemaria,Guitel,rguiteli5@bloglines.com,Agender,3.5.147.162
655,Gilbertina,Ripper,gripperi6@cdbaby.com,Non-binary,225.126.231.15
656,Wendye,Cicchelli,wcicchellii7@usnews.com,Male,68.154.65.31
657,Ezri,Butterfill,ebutterfilli8@nyu.edu,Non-binary,96.98.94.222
658,Anthony,Croad,acroadi9@seesaa.net,Non-binary,148.47.16.24
659,Vilhelmina,Liepina,vliepinaia@posterous.com,Female,117.132.192.240
660,Evelyn,Dowdle,edowdleib@statcounter.com,Female,201.231.15.157
661,Jena,Kilty,jkiltyic@e-recht24.de,Female,133.227.68.116
662,Lora,Gainsborough,lgainsboroughid@techcrunch.com,Non-binary,177.1.121.234
663,Olav,Swyn,oswynie@cbsnews.com,Polygender,149.36.244.159
664,Agata,Plunkett,aplunkettif@gnu.org,Non-binary,50.15.216.5
665,Harlan,Size,hsizeig@state.tx.us,Agender,144.158.149.235
666,Ileana,Dumbelton,idumbeltonih@networksolutions.com,Female,204.123.58.48
667,Fawn,Aickin,faickinii@themeforest.net,Polygender,131.176.193.98
668,Tildie,Redding,treddingij@unicef.org,Genderqueer,190.118.121.63
669,Jeff,Baude,jbaudeik@cmu.edu,Genderqueer,59.62.75.118
670,Sebastian,Eccles,secclesil@sohu.com,Agender,225.6.226.123
671,Town,Gleadhall,tgleadhallim@princeton.edu,Genderqueer,93.111.232.33
672,Lanny,Loomes,lloomesin@epa.gov,Genderfluid,11.109.101.97
673,Blake,MacCallum,bmaccallumio@google.ru,Bigender,124.171.200.77
674,Moises,Wrotchford,mwrotchfordip@earthlink.net,Bigender,100.86.8.31
675,Franciska,Pires,fpiresiq@wordpress.org,Genderfluid,247.49.200.233
676,Deloria,Simnor,dsimnorir@oakley.com,Non-binary,189.7.176.238
677,Kelly,Keeping,kkeepingis@shutterfly.com,Male,148.52.133.54
678,Loleta,Marlowe,lmarloweit@amazon.com,Genderfluid,118.223.38.39
679,Joshuah,Bonavia,jbonaviaiu@mysql.com,Agender,97.168.253.136
680,Milicent,Asker,maskeriv@kickstarter.com,Bigender,200.7.243.75
681,Mahalia,McGivena,mmcgivenaiw@foxnews.com,Non-binary,72.219.43.75
682,Nadiya,Ibbetson,nibbetsonix@webeden.co.uk,Non-binary,191.1.140.48
683,Lanna,Dennett,ldennettiy@delicious.com,Bigender,103.123.42.188
684,Rosy,Pagden,rpagdeniz@flavors.me,Polygender,16.115.1.51
685,Ker,Varran,kvarranj0@ftc.gov,Genderqueer,158.235.33.219
686,Kathleen,Newcome,knewcomej1@reuters.com,Polygender,119.103.223.38
687,Pauly,Thormann,pthormannj2@oaic.gov.au,Male,146.143.77.96
688,Niall,Saxton,nsaxtonj3@princeton.edu,Bigender,249.75.120.168
689,Silvanus,Archdeacon,sarchdeaconj4@amazonaws.com,Bigender,109.33.238.64
690,Dalli,Thumann,dthumannj5@infoseek.co.jp,Polygender,17.221.161.218
691,Glyn,Sings,gsingsj6@dot.gov,Non-binary,199.28.83.169
692,Piotr,Sexstone,psexstonej7@vinaora.com,Bigender,240.68.32.55
693,Tiffany,Meeland,tmeelandj8@joomla.org,Bigender,104.107.116.50
694,Rafferty,Reekie,rreekiej9@admin.ch,Polygender,74.212.203.106
695,Glen,Bockmann,gbockmannja@sourceforge.net,Agender,77.113.24.243
696,Costanza,Sweedy,csweedyjb@dmoz.org,Female,63.72.234.61
697,Jenn,Messam,jmessamjc@de.vu,Genderfluid,51.232.83.218
698,Toby,Sprowell,tsprowelljd@hp.com,Polygender,204.7.108.50
699,Holden,Letterese,hlettereseje@drupal.org,Polygender,165.85.139.92
700,Gannie,Densun,gdensunjf@upenn.edu,Non-binary,249.76.85.252
701,Glynnis,Cockayme,gcockaymejg@bloglovin.com,Genderqueer,155.14.75.44
702,Worthy,Antoinet,wantoinetjh@theglobeandmail.com,Genderqueer,136.171.141.227
703,Howey,Dix,hdixji@theguardian.com,Polygender,144.120.179.114
704,Ronna,Summersby,rsummersbyjj@usa.gov,Bigender,136.71.150.140
705,Abelard,Van der Velden,avanderveldenjk@jimdo.com,Agender,96.251.176.123
706,Coleman,Gaytor,cgaytorjl@wikispaces.com,Non-binary,81.183.194.170
707,Prudence,Shipman,pshipmanjm@w3.org,Agender,234.126.102.149
708,Clarke,Minucci,cminuccijn@nbcnews.com,Agender,117.48.24.7
709,Kev,Whitwood,kwhitwoodjo@oracle.com,Male,103.235.170.190
710,Hill,Bloodworthe,hbloodworthejp@taobao.com,Bigender,127.12.235.69
711,Linnie,Brooksbie,lbrooksbiejq@flickr.com,Genderfluid,132.103.158.74
712,Currey,Selvester,cselvesterjr@netlog.com,Female,241.226.5.93
713,Durant,Pleming,dplemingjs@java.com,Female,190.227.209.53
714,Elisabetta,Speenden,espeendenjt@usa.gov,Genderqueer,165.25.60.197
715,Kellby,Rasher,krasherju@squidoo.com,Polygender,38.7.31.145
716,Nicolas,Nussgen,nnussgenjv@oaic.gov.au,Polygender,47.12.213.179
717,Wiley,Corns,wcornsjw@cdc.gov,Non-binary,178.133.38.215
718,Corey,Bumphrey,cbumphreyjx@ehow.com,Female,211.29.185.87
719,Marshall,McCandie,mmccandiejy@xing.com,Polygender,139.249.48.204
720,Immanuel,Haslum,ihaslumjz@symantec.com,Polygender,9.15.66.82
721,Naoma,Prawle,nprawlek0@mediafire.com,Female,166.17.50.49
722,Adrienne,Frentz,afrentzk1@reverbnation.com,Non-binary,110.66.227.44
723,Connor,Moggie,cmoggiek2@creativecommons.org,Bigender,64.54.193.239
724,Salomone,Baterip,sbateripk3@cbsnews.com,Non-binary,31.90.149.13
725,Cheston,Tattam,ctattamk4@telegraph.co.uk,Male,149.240.176.241
726,Fraze,Chamberlain,fchamberlaink5@wikimedia.org,Genderfluid,208.90.100.96
727,Farrah,Abreheart,fabreheartk6@blog.com,Bigender,18.225.230.233
728,Modestia,Parrin,mparrink7@homestead.com,Non-binary,34.13.27.47
729,Mannie,Cranidge,mcranidgek8@tumblr.com,Male,183.181.10.205
730,Sebastian,Basile,sbasilek9@furl.net,Female,50.53.78.62
731,Jori,Scudamore,jscudamoreka@symantec.com,Agender,95.147.19.244
732,Aigneis,Peealess,apeealesskb@wired.com,Genderqueer,185.55.164.104
733,Pandora,Choudhury,pchoudhurykc@sphinn.com,Non-binary,25.23.59.133
734,Zacherie,Yesipov,zyesipovkd@phpbb.com,Female,1.187.192.187
735,Iorgo,Eatherton,ieathertonke@ucoz.com,Agender,249.55.57.184
736,Penni,Garley,pgarleykf@ehow.com,Non-binary,169.113.190.184
737,Wallie,Matthew,wmatthewkg@mapquest.com,Agender,131.32.45.216
738,Chelsy,Uzzell,cuzzellkh@blogspot.com,Male,252.74.156.11
739,Freddie,Forrestall,fforrestallki@bluehost.com,Polygender,140.169.208.153
740,Velvet,Deverell,vdeverellkj@nature.com,Male,142.172.241.222
741,Eleen,Fennessy,efennessykk@sphinn.com,Bigender,192.70.243.153
742,Link,Brood,lbroodkl@intel.com,Genderqueer,13.51.21.19
743,Corey,Clayfield,cclayfieldkm@chronoengine.com,Genderfluid,242.49.38.192
744,Lulu,Klimko,lklimkokn@zdnet.com,Non-binary,114.196.63.213
745,Joella,Murtell,jmurtellko@cam.ac.uk,Bigender,182.96.156.108
746,Chrissy,Mival,cmivalkp@nymag.com,Male,39.72.245.179
747,Alysia,Baccup,abaccupkq@opera.com,Genderfluid,109.197.102.111
748,Donetta,Neeve,dneevekr@scribd.com,Non-binary,8.165.133.51
749,Astra,Bolf,abolfks@multiply.com,Male,56.41.227.43
750,Abigail,Passby,apassbykt@wikimedia.org,Non-binary,44.132.46.96
751,Nat,Griffe,ngriffeku@merriam-webster.com,Genderfluid,70.30.157.105
752,Andrea,Maylin,amaylinkv@soundcloud.com,Male,192.161.166.217
753,Edi,Hallex,ehallexkw@fda.gov,Genderfluid,235.48.51.184
754,Maurise,Broomhead,mbroomheadkx@amazonaws.com,Female,120.34.59.203
755,Cosimo,Stubbings,cstubbingsky@census.gov,Genderqueer,215.255.199.71
756,Maxy,Ducket,mducketkz@discuz.net,Genderfluid,35.116.220.224
757,Lorry,Sweedland,lsweedlandl0@sakura.ne.jp,Genderfluid,104.236.202.191
758,Norbie,Sandlin,nsandlinl1@vkontakte.ru,Female,97.40.105.168
759,Avery,Doctor,adoctorl2@apache.org,Bigender,168.213.176.143
760,Skye,Suett,ssuettl3@angelfire.com,Non-binary,178.139.64.61
761,Hall,Bennough,hbennoughl4@geocities.jp,Bigender,23.166.33.156
762,Cyb,Dearnaly,cdearnalyl5@livejournal.com,Male,187.245.3.225
763,Sonni,Wooland,swoolandl6@feedburner.com,Non-binary,247.139.201.245
764,Perl,Papierz,ppapierzl7@geocities.jp,Bigender,140.226.48.160
765,Stephanus,Agnolo,sagnolol8@lulu.com,Agender,119.153.143.86
766,Marjie,Caras,mcarasl9@nasa.gov,Genderfluid,242.33.54.104
767,Lusa,Duffy,lduffyla@columbia.edu,Genderfluid,140.88.241.165
768,Bren,Surcomb,bsurcomblb@paypal.com,Male,146.68.126.31
769,Morena,Elmhirst,melmhirstlc@meetup.com,Agender,120.83.96.53
770,Abramo,Fidoe,afidoeld@paypal.com,Non-binary,154.198.47.187
771,Rourke,MacGowing,rmacgowingle@patch.com,Non-binary,63.149.251.63
772,Bartlett,Broxap,bbroxaplf@hc360.com,Bigender,127.174.111.75
773,Johnny,Grimstead,jgrimsteadlg@youtube.com,Male,180.153.198.210
774,Merlina,Teager,mteagerlh@slashdot.org,Genderfluid,208.103.168.28
775,Lindsey,Dinwoodie,ldinwoodieli@so-net.ne.jp,Polygender,154.134.153.248
776,Raquel,Mityushin,rmityushinlj@de.vu,Genderfluid,53.47.74.232
777,Kain,Cowell,kcowelllk@technorati.com,Female,12.176.157.230
778,Marney,Batalle,mbatallell@bloglovin.com,Male,166.168.31.19
779,Gasper,Van de Vlies,gvandevlieslm@spotify.com,Bigender,235.60.67.197
780,Christal,Di Pietro,cdipietroln@nationalgeographic.com,Male,245.174.96.246
781,Tedra,Gadman,tgadmanlo@latimes.com,Female,53.232.221.67
782,Marylou,Hissett,mhissettlp@cargocollective.com,Genderfluid,137.106.67.5
783,Whitby,Greystoke,wgreystokelq@discovery.com,Agender,191.30.182.38
784,Maura,Josskovitz,mjosskovitzlr@networkadvertising.org,Genderqueer,234.159.181.123
785,Catha,Wimbridge,cwimbridgels@springer.com,Polygender,88.196.45.70
786,Taryn,Pouck,tpoucklt@deviantart.com,Agender,204.130.156.69
787,Moss,Tween,mtweenlu@google.com,Polygender,121.63.233.248
788,Kiele,Hebbard,khebbardlv@china.com.cn,Male,119.100.88.154
789,Kamila,Fillis,kfillislw@narod.ru,Agender,128.162.41.17
790,Bradney,Barribal,bbarriballx@huffingtonpost.com,Genderfluid,59.32.225.134
791,Rubia,Torvey,rtorveyly@ftc.gov,Agender,5.241.83.141
792,Cornie,Levey,cleveylz@xrea.com,Agender,91.173.142.149
793,Haskel,Lawlie,hlawliem0@ocn.ne.jp,Male,236.192.237.75
794,Brigid,Pitone,bpitonem1@typepad.com,Non-binary,44.47.185.217
795,Alexander,Sanger,asangerm2@drupal.org,Female,97.84.197.12
796,Deina,Stoodale,dstoodalem3@newyorker.com,Genderfluid,165.86.12.234
797,Noe,Dearness,ndearnessm4@biglobe.ne.jp,Bigender,52.34.37.31
798,Sibel,Cargill,scargillm5@furl.net,Male,32.153.62.141
799,Morna,Mathen,mmathenm6@so-net.ne.jp,Agender,165.173.175.215
800,Eddi,Fain,efainm7@drupal.org,Female,10.207.6.228
801,Annaliese,Lord,alordm8@lulu.com,Female,15.171.60.113
802,Antonino,Shales,ashalesm9@unicef.org,Genderfluid,20.144.202.210
803,Jonis,Hathorn,jhathornma@nsw.gov.au,Polygender,205.56.105.65
804,Darren,Crosetto,dcrosettomb@archive.org,Male,2.1.150.9
805,Lyndell,Romeril,lromerilmc@themeforest.net,Non-binary,116.249.37.204
806,Jonathan,Olkowicz,jolkowiczmd@dell.com,Male,83.19.59.134
807,Faustina,Palluschek,fpalluschekme@woothemes.com,Male,77.27.79.246
808,Leonidas,Shelford,lshelfordmf@ftc.gov,Non-binary,19.62.106.18
809,Chase,Huison,chuisonmg@deliciousdays.com,Agender,105.78.238.210
810,Wait,Parsonson,wparsonsonmh@nyu.edu,Agender,169.15.75.244
811,Heidie,Gregol,hgregolmi@spotify.com,Genderfluid,236.193.68.201
812,Ora,De Wolfe,odewolfemj@cbsnews.com,Genderfluid,97.123.7.156
813,Yale,Coopman,ycoopmanmk@thetimes.co.uk,Female,238.2.238.214
814,Cristian,Wagerfield,cwagerfieldml@nba.com,Genderfluid,113.78.144.202
815,Johnathan,Lydiard,jlydiardmm@scientificamerican.com,Male,47.108.241.73
816,Willis,Degoe,wdegoemn@eepurl.com,Female,48.117.31.60
817,Prudence,Attenborough,pattenboroughmo@nsw.gov.au,Polygender,228.237.58.138
818,Darren,Duiguid,dduiguidmp@nydailynews.com,Polygender,175.121.75.149
819,Packston,Marion,pmarionmq@barnesandnoble.com,Genderfluid,207.153.12.119
820,Janot,Dyche,jdychemr@berkeley.edu,Genderfluid,56.162.40.27
821,Milt,Riddall,mriddallms@bbb.org,Polygender,109.141.176.70
822,Elaina,de Lloyd,edelloydmt@typepad.com,Agender,231.2.167.246
823,Ty,Lohering,tloheringmu@senate.gov,Non-binary,185.33.229.79
824,Andras,Dubbin,adubbinmv@naver.com,Agender,136.199.161.190
825,Keven,Betteney,kbetteneymw@furl.net,Female,213.115.178.67
826,Birdie,Mattiato,bmattiatomx@seattletimes.com,Female,198.3.48.188
827,Lani,Kensy,lkensymy@redcross.org,Male,178.9.62.45
828,Thorny,Mayall,tmayallmz@edublogs.org,Female,206.173.164.50
829,Bendicty,Gaule,bgaulen0@weibo.com,Non-binary,165.233.81.238
830,Olive,Bourhill,obourhilln1@nature.com,Genderfluid,99.52.130.15
831,Lyon,McCathy,lmccathyn2@slashdot.org,Agender,185.225.165.163
832,Nickie,Drewett,ndrewettn3@skyrock.com,Female,77.80.135.142
833,Alberto,Blankenship,ablankenshipn4@newyorker.com,Non-binary,169.101.44.153
834,Remington,Bowling,rbowlingn5@youtube.com,Agender,147.30.172.188
835,Kathie,Place,kplacen6@china.com.cn,Polygender,210.65.32.41
836,Starlin,Courtliff,scourtliffn7@amazon.com,Female,45.185.157.252
837,Emilee,Naper,enapern8@loc.gov,Genderqueer,38.124.71.133
838,Kurtis,Berg,kbergn9@nih.gov,Male,209.64.206.35
839,Cart,Capon,ccaponna@ezinearticles.com,Bigender,198.124.236.31
840,Ronny,Bauduin,rbauduinnb@meetup.com,Genderqueer,27.6.64.96
841,Edita,Bierling,ebierlingnc@miitbeian.gov.cn,Non-binary,254.163.78.208
842,Angela,Maggs,amaggsnd@miibeian.gov.cn,Polygender,169.174.53.145
843,Kev,O'Cleary,koclearyne@symantec.com,Polygender,98.153.6.116
844,Kirbee,Cuddehay,kcuddehaynf@imgur.com,Female,88.94.36.253
845,Elna,Youd,eyoudng@europa.eu,Female,188.197.180.104
846,Curcio,Bruun,cbruunnh@multiply.com,Male,252.187.60.155
847,Justis,Lammas,jlammasni@a8.net,Genderfluid,237.169.74.72
848,Denyse,Comerford,dcomerfordnj@howstuffworks.com,Female,218.175.20.207
849,Tersina,Presho,tpreshonk@redcross.org,Female,45.9.19.48
850,Bette,Cashford,bcashfordnl@baidu.com,Genderfluid,102.161.84.147
851,Margarete,MacElroy,mmacelroynm@pinterest.com,Genderqueer,68.168.241.12
852,Averell,Manolov,amanolovnn@apache.org,Genderqueer,130.162.120.53
853,Suzie,Lote,sloteno@geocities.com,Non-binary,233.192.176.18
854,Eolanda,Ebbotts,eebbottsnp@mac.com,Genderfluid,212.38.219.16
855,Anjela,Haynes,ahaynesnq@php.net,Bigender,71.99.181.203
856,Nadia,Tipling,ntiplingnr@github.io,Male,214.40.111.131
857,Olag,Ghiotto,oghiottons@google.com.br,Female,36.197.253.54
858,Desiri,Wyndham,dwyndhamnt@pcworld.com,Agender,7.69.143.81
859,Felipe,Gosnoll,fgosnollnu@pbs.org,Polygender,83.81.106.234
860,Gabriell,Noar,gnoarnv@devhub.com,Female,92.79.17.53
861,Thedrick,Roofe,troofenw@last.fm,Genderqueer,129.162.69.200
862,Nevil,Sealand,nsealandnx@nps.gov,Polygender,219.42.90.51
863,Juditha,Devine,jdevineny@163.com,Female,112.246.225.209
864,Sarina,Dowrey,sdowreynz@unicef.org,Female,216.57.1.124
865,Morna,Skeech,mskeecho0@timesonline.co.uk,Genderfluid,132.150.63.224
866,Augustine,Gurys,aguryso1@shop-pro.jp,Bigender,80.5.14.17
867,Bridget,Jewiss,bjewisso2@over-blog.com,Agender,16.162.37.218
868,Casie,Ambrozewicz,cambrozewiczo3@jalbum.net,Genderqueer,126.153.216.26
869,Elwood,Curedale,ecuredaleo4@loc.gov,Male,69.49.156.100
870,Clovis,McMaster,cmcmastero5@blogger.com,Female,5.119.205.158
871,Courtney,Kolczynski,ckolczynskio6@apple.com,Female,155.249.193.21
872,Cristionna,Lathan,clathano7@stanford.edu,Agender,104.161.147.37
873,Norry,Eland,nelando8@jimdo.com,Bigender,18.31.67.34
874,Teodora,Corder,tcordero9@upenn.edu,Male,114.57.146.182
875,Delphine,Earey,deareyoa@amazonaws.com,Female,215.153.145.224
876,Eba,O'Cahey,eocaheyob@hatena.ne.jp,Female,185.58.254.4
877,Giffer,Issacson,gissacsonoc@cnn.com,Female,233.207.145.92
878,Arleen,Ney,aneyod@nyu.edu,Male,32.62.2.20
879,Delphine,Blaydon,dblaydonoe@hibu.com,Non-binary,56.196.208.77
880,Cthrine,McGonigal,cmcgonigalof@ebay.com,Genderqueer,209.214.190.98
881,Ceil,Poff,cpoffog@shop-pro.jp,Male,57.171.118.5
882,Farly,Vose,fvoseoh@google.it,Female,8.221.180.238
883,Way,Saturley,wsaturleyoi@webs.com,Non-binary,119.184.183.210
884,Jori,Garlic,jgarlicoj@tinypic.com,Female,33.134.116.167
885,Ann,Birrane,abirraneok@statcounter.com,Bigender,23.64.36.209
886,Astrix,Darell,adarellol@issuu.com,Male,160.86.70.205
887,Nelie,Janks,njanksom@house.gov,Female,172.66.184.3
888,Parke,Dumphries,pdumphrieson@usgs.gov,Genderqueer,183.226.163.225
889,Guido,Dodswell,gdodswelloo@domainmarket.com,Non-binary,228.249.244.66
890,Dianna,Carnier,dcarnierop@netvibes.com,Male,148.223.9.38
891,Blanch,Killen,bkillenoq@omniture.com,Bigender,214.137.62.71
892,Frederique,Jakeman,fjakemanor@edublogs.org,Genderfluid,52.65.22.135
893,Chrystel,Helix,chelixos@nymag.com,Genderqueer,20.194.93.7
894,Dewie,MacColl,dmaccollot@e-recht24.de,Genderqueer,119.110.90.166
895,Thea,Kibbe,tkibbeou@ovh.net,Female,200.194.135.149
896,Omar,MacLeese,omacleeseov@nationalgeographic.com,Agender,102.10.23.191
897,Benetta,Cutmore,bcutmoreow@ed.gov,Bigender,205.85.5.104
898,Orelia,D'Alessio,odalessioox@photobucket.com,Genderqueer,4.130.127.200
899,Dara,Kencott,dkencottoy@ning.com,Bigender,253.204.9.218
900,Camella,Bottjer,cbottjeroz@sitemeter.com,Female,136.193.232.141
901,Manolo,Murthwaite,mmurthwaitep0@uol.com.br,Female,162.210.62.99
902,Euell,Petit,epetitp1@webs.com,Genderfluid,222.248.147.157
903,Ruttger,Capps,rcappsp2@example.com,Genderqueer,130.40.198.44
904,Shawn,Imlin,simlinp3@usda.gov,Genderqueer,144.81.223.226
905,Gaylor,McEvilly,gmcevillyp4@walmart.com,Bigender,154.116.212.220
906,Odey,Prettyman,oprettymanp5@hibu.com,Bigender,64.1.188.232
907,Kippie,Rozycki,krozyckip6@disqus.com,Bigender,132.109.90.37
908,Merrilee,Seymer,mseymerp7@slashdot.org,Polygender,68.179.64.68
909,Alina,Pottle,apottlep8@creativecommons.org,Polygender,212.63.109.63
910,Elnar,Bacop,ebacopp9@unblog.fr,Genderfluid,100.83.182.217
911,Ryann,Tupie,rtupiepa@google.co.uk,Polygender,246.206.210.210
912,Bobby,Greenin,bgreeninpb@telegraph.co.uk,Polygender,83.81.146.79
913,Antonia,Worsalls,aworsallspc@tuttocitta.it,Polygender,85.238.42.215
914,Rayshell,Kidney,rkidneypd@guardian.co.uk,Non-binary,8.145.88.140
915,Jamil,Fanthom,jfanthompe@gizmodo.com,Genderfluid,205.174.84.81
916,Modestia,Birchett,mbirchettpf@mashable.com,Genderqueer,143.55.174.193
917,Rosalinda,Ciciura,rciciurapg@wikia.com,Polygender,116.243.40.110
918,Torie,Handover,thandoverph@va.gov,Male,238.32.55.183
919,Rickard,Struther,rstrutherpi@webmd.com,Female,64.148.211.98
920,Liza,Lemary,llemarypj@simplemachines.org,Non-binary,107.229.130.54
921,Alford,Gantlett,agantlettpk@usgs.gov,Non-binary,241.198.188.242
922,Morly,Gladdor,mgladdorpl@comsenz.com,Agender,158.15.189.25
923,Tuck,Berendsen,tberendsenpm@huffingtonpost.com,Non-binary,6.22.170.231
924,Roseann,Soro,rsoropn@ovh.net,Male,237.179.253.227
925,Cletis,Dod,cdodpo@4shared.com,Bigender,103.107.216.231
926,Jamie,Spittle,jspittlepp@wp.com,Male,184.142.101.18
927,Bail,Cakes,bcakespq@scribd.com,Non-binary,217.20.11.142
928,Alexine,Iliff,ailiffpr@over-blog.com,Genderfluid,69.101.245.165
929,Cortie,Petrolli,cpetrollips@washington.edu,Male,37.152.185.190
930,Berkeley,Snufflebottom,bsnufflebottompt@columbia.edu,Agender,197.163.0.91
931,Ellene,Leedal,eleedalpu@discuz.net,Bigender,45.128.160.86
932,Julita,Suatt,jsuattpv@cafepress.com,Polygender,106.99.129.160
933,Toby,Locke,tlockepw@squidoo.com,Genderqueer,77.21.71.86
934,Jennine,Canet,jcanetpx@baidu.com,Female,219.158.8.28
935,Norina,Roan,nroanpy@twitpic.com,Agender,235.172.47.207
936,Emma,Exley,eexleypz@pcworld.com,Bigender,188.43.145.195
937,Jodi,Jeffcoate,jjeffcoateq0@google.fr,Female,45.104.96.42
938,Duffy,Kornilyev,dkornilyevq1@sakura.ne.jp,Genderfluid,17.213.215.102
939,Scott,Perone,speroneq2@cmu.edu,Genderfluid,30.96.12.204
940,Manny,Mulvey,mmulveyq3@about.me,Polygender,198.62.43.107
941,Nomi,Veck,nveckq4@miibeian.gov.cn,Bigender,41.94.9.96
942,Erv,Pedrollo,epedrolloq5@mac.com,Polygender,105.162.147.245
943,Christan,Blabey,cblabeyq6@intel.com,Female,232.58.3.14
944,Nicholle,Hanna,nhannaq7@google.com.hk,Agender,208.209.46.96
945,Coreen,McSkeagan,cmcskeaganq8@china.com.cn,Non-binary,78.89.14.53
946,Nero,Vannuccinii,nvannucciniiq9@smugmug.com,Genderqueer,19.219.55.196
947,Llywellyn,Mandal,lmandalqa@mozilla.org,Genderfluid,187.66.234.26
948,Hermia,Fatharly,hfatharlyqb@hostgator.com,Bigender,49.127.112.106
949,Kassia,Sheridan,ksheridanqc@earthlink.net,Genderfluid,25.128.203.239
950,Keelia,Bohman,kbohmanqd@a8.net,Female,255.1.70.123
951,Mayor,Whisson,mwhissonqe@opera.com,Polygender,176.51.122.58
952,Jerri,Truwert,jtruwertqf@dmoz.org,Agender,193.129.13.105
953,Dareen,Regitz,dregitzqg@hubpages.com,Polygender,205.102.3.38
954,Georgia,Cornil,gcornilqh@chicagotribune.com,Female,13.44.77.106
955,Gwenore,Pachta,gpachtaqi@usnews.com,Polygender,61.100.133.74
956,Gard,Sawell,gsawellqj@eepurl.com,Female,201.119.187.231
957,Edin,Suddards,esuddardsqk@princeton.edu,Bigender,97.40.206.198
958,Ricard,Dunston,rdunstonql@163.com,Female,251.116.11.33
959,Lazar,Scamaden,lscamadenqm@slideshare.net,Male,40.53.53.172
960,Tiphany,Faircloth,tfairclothqn@wisc.edu,Genderqueer,133.54.83.35
961,Woodrow,Tappington,wtappingtonqo@webmd.com,Non-binary,111.110.143.155
962,Gillie,Gaspar,ggasparqp@slashdot.org,Male,196.147.215.1
963,Sheree,Burtwistle,sburtwistleqq@printfriendly.com,Genderfluid,218.57.249.8
964,Korry,Skehan,kskehanqr@hostgator.com,Non-binary,205.129.149.18
965,Jamie,Chrippes,jchrippesqs@bing.com,Non-binary,96.0.40.135
966,Gerik,Norris,gnorrisqt@mapy.cz,Female,58.97.194.254
967,Dari,Geydon,dgeydonqu@boston.com,Genderqueer,121.54.83.36
968,Broderic,Stonall,bstonallqv@ed.gov,Non-binary,156.205.130.205
969,Caritta,Oldfield-Cherry,coldfieldcherryqw@netscape.com,Genderqueer,94.150.149.113
970,Caroline,Stathers,cstathersqx@noaa.gov,Genderfluid,67.233.190.101
971,Enid,Ritter,eritterqy@sciencedaily.com,Genderfluid,60.53.236.153
972,Cathy,Kensett,ckensettqz@instagram.com,Genderfluid,143.179.186.207
973,Benji,Woolbrook,bwoolbrookr0@fema.gov,Agender,72.137.106.246
974,Fields,Gresham,fgreshamr1@oakley.com,Bigender,59.52.172.8
975,Nerti,Trinkwon,ntrinkwonr2@lulu.com,Male,144.217.65.251
976,Michail,Garland,mgarlandr3@so-net.ne.jp,Bigender,169.162.245.10
977,Florella,Southway,fsouthwayr4@posterous.com,Bigender,54.149.92.248
978,Natka,McIlriach,nmcilriachr5@qq.com,Genderqueer,39.132.229.220
979,Gabrila,Esplin,gesplinr6@rakuten.co.jp,Non-binary,75.225.181.71
980,Todd,Fagge,tfagger7@wordpress.com,Polygender,18.175.69.210
981,Jakie,Forlonge,jforlonger8@ifeng.com,Genderfluid,11.6.178.123
982,Keene,Ferreli,kferrelir9@theatlantic.com,Genderqueer,89.195.106.144
983,Jehanna,Nye,jnyera@taobao.com,Non-binary,189.210.253.7
984,Ambrosi,Counsell,acounsellrb@hp.com,Bigender,202.140.50.117
985,Edithe,Saurat,esauratrc@army.mil,Female,107.86.11.4
986,Roddie,Kilmary,rkilmaryrd@baidu.com,Polygender,63.29.232.51
987,Tina,Camerello,tcamerellore@so-net.ne.jp,Bigender,146.204.100.217
988,Jemimah,Colisbe,jcolisberf@nhs.uk,Polygender,41.85.212.97
989,Raul,Negus,rnegusrg@scientificamerican.com,Female,255.117.62.55
990,Adlai,Dubery,aduberyrh@mapy.cz,Male,68.146.180.194
991,Niels,Gambie,ngambieri@histats.com,Genderfluid,225.175.176.150
992,Haven,Downage,hdownagerj@amazon.co.uk,Agender,149.27.241.115
993,Nicolina,Kolin,nkolinrk@census.gov,Bigender,208.95.188.163
994,Even,Whittleton,ewhittletonrl@latimes.com,Bigender,79.199.182.178
995,Chance,Boughton,cboughtonrm@oracle.com,Agender,11.121.209.254
996,Alexandr,Poller,apollerrn@icio.us,Genderfluid,133.73.155.66
997,Felicdad,Brisson,fbrissonro@xing.com,Genderqueer,56.199.195.186
998,Irv,Wharin,iwharinrp@whitehouse.gov,Genderfluid,162.31.186.4
999,Bartholomeus,Davydoch,bdavydochrq@yelp.com,Agender,153.213.2.47
1000,Robenia,Gordon,rgordonrr@flavors.me,Male,187.143.171.66
